company_id,industry,company_size,region,employee_count,avg_recognition_frequency,avg_reward_value,budget_per_employee,turnover_rate,engagement_score,eNPS,training_hours_per_employee,promotion_rate,diversity_index,revenue_per_employee,profit_margin
CMP-0001,Healthcare,Large,North America,3076,1.34,55.19,517.57,0.246,7.7,0,57.9,0.062,0.58,135167,-0.045
CMP-0002,Government,Medium,Europe,557,1.55,74.74,360.61,0.123,6.9,-16,29.2,0.076,0.55,121742,-0.001
CMP-0003,Education,Medium,Latin America,172,1.73,64.22,170.03,0.208,6.3,10,47.8,0.073,0.47,97158,0.067
CMP-0004,Retail,Large,Asia-Pacific,2365,2.12,58.53,298.03,0.206,6.1,-13,4.0,0.069,0.65,30000,0.02
CMP-0005,Tech,Large,Asia-Pacific,2521,3.53,202.3,923.61,0.104,7.7,66,25.5,0.076,0.56,203733,0.19
CMP-0006,Tech,Small,Asia-Pacific,71,4.26,132.92,786.91,0.125,6.5,57,31.2,0.095,0.95,303900,0.12
CMP-0007,Tech,Enterprise,Asia-Pacific,31108,2.66,165.94,1010.07,0.068,8.5,29,50.7,0.132,0.57,401605,0.185
CMP-0008,Energy,Large,Asia-Pacific,3134,2.53,126.97,608.91,0.128,7.7,15,26.0,0.051,0.45,556252,0.075
CMP-0009,Retail,Enterprise,North America,32356,1.78,83.24,357.01,0.321,4.7,19,16.7,0.08,0.69,248356,0.083
CMP-0010,Retail,Large,Europe,4059,1.89,58.89,299.83,0.31,5.6,13,27.2,0.04,0.68,179270,0.055
CMP-0011,Tech,Large,North America,4252,0.93,95.69,1268.19,0.139,7.0,32,40.4,0.116,0.59,250654,0.149
CMP-0012,Government,Medium,Middle East & Africa,760,0.83,92.31,354.88,0.169,7.9,29,30.3,0.068,0.68,73851,0.05
CMP-0013,Energy,Enterprise,Middle East & Africa,47998,1.31,151.57,744.95,0.17,7.1,17,35.9,0.061,0.5,226172,0.17
CMP-0014,Finance,Enterprise,North America,5821,3.91,99.98,824.18,0.191,7.4,39,32.4,0.099,0.64,374727,0.198
CMP-0015,Finance,Small,Asia-Pacific,45,2.67,244.99,880.21,0.102,8.2,29,8.4,0.105,0.41,311852,0.25
CMP-0016,Finance,Small,Latin America,20,2.33,185.47,789.35,0.191,7.0,46,33.5,0.052,0.63,271763,0.293
CMP-0017,Finance,Medium,North America,700,2.46,241.91,852.96,0.139,7.2,25,35.2,0.032,0.33,223897,0.306
CMP-0018,Manufacturing,Large,Europe,4592,2.37,67.39,426.25,0.184,7.5,-3,25.9,0.119,0.5,213270,0.19
CMP-0019,Healthcare,Enterprise,Latin America,15957,0.2,100.34,462.61,0.092,7.3,48,38.4,0.099,0.79,271839,0.198
CMP-0020,Finance,Small,North America,140,2.72,153.77,439.41,0.145,6.4,75,26.4,0.084,0.56,323924,0.373
CMP-0021,Retail,Medium,Asia-Pacific,202,1.23,58.89,230.9,0.161,5.3,9,15.0,0.046,0.32,116260,-0.0
CMP-0022,Tech,Medium,North America,944,3.48,123.3,485.61,0.125,7.2,47,45.4,0.044,0.63,267189,0.234
CMP-0023,Finance,Enterprise,Latin America,20823,2.58,112.4,947.93,0.112,8.2,32,45.1,0.078,0.38,192953,0.058
CMP-0024,Healthcare,Large,Middle East & Africa,1406,0.89,88.01,660.5,0.109,7.7,7,41.8,0.118,0.7,163888,0.047
CMP-0025,Healthcare,Large,Middle East & Africa,2944,0.53,58.43,520.56,0.151,6.7,19,37.3,0.05,0.6,206516,0.035
CMP-0026,Education,Medium,Europe,369,2.21,62.83,382.45,0.185,7.2,42,49.0,0.038,0.65,54969,0.054
CMP-0027,Finance,Medium,Latin America,392,2.18,139.59,881.44,0.047,6.7,33,29.4,0.049,0.66,242044,0.307
CMP-0028,Manufacturing,Medium,Asia-Pacific,411,1.61,53.84,686.3,0.108,7.2,35,18.6,0.132,0.41,220208,0.138
CMP-0029,Retail,Small,North America,124,1.52,71.22,415.22,0.123,7.6,-26,25.2,0.083,0.37,101513,0.016
CMP-0030,Tech,Enterprise,Asia-Pacific,29262,2.87,107.68,1201.65,0.206,8.9,31,29.9,0.049,0.52,375047,0.309
CMP-0031,Retail,Large,North America,2245,0.9,43.15,342.18,0.305,5.0,19,14.7,0.06,0.6,120289,0.043
CMP-0032,Tech,Enterprise,Europe,32465,2.97,116.47,871.12,0.127,9.1,52,29.0,0.121,0.58,392542,0.21
CMP-0033,Tech,Enterprise,North America,37227,2.97,137.91,525.87,0.084,6.8,44,49.3,0.167,0.7,336070,0.036
CMP-0034,Government,Medium,North America,382,0.98,44.24,313.08,0.113,5.9,-23,43.2,0.039,0.7,192963,0.012
CMP-0035,Government,Large,North America,2654,0.2,54.28,598.47,0.198,5.2,20,29.9,0.058,0.94,49881,0.048
CMP-0036,Education,Enterprise,Asia-Pacific,10485,1.91,88.89,451.65,0.165,6.6,29,40.2,0.062,0.55,113608,0.049
CMP-0037,Finance,Large,North America,1725,3.14,147.43,419.14,0.236,6.4,18,22.6,0.121,0.18,600000,0.315
CMP-0038,Tech,Small,Asia-Pacific,108,3.0,117.8,921.39,0.166,8.3,52,32.9,0.094,0.6,264407,0.271
CMP-0039,Retail,Medium,North America,305,1.96,10.0,398.71,0.298,6.0,1,25.9,0.079,0.41,138317,0.021
CMP-0040,Healthcare,Small,North America,88,0.97,61.2,675.23,0.287,7.3,33,46.2,0.051,0.64,228024,0.145
CMP-0041,Tech,Enterprise,Europe,36907,4.26,148.33,1078.54,0.194,7.8,26,30.4,0.078,0.54,281860,0.117
CMP-0042,Manufacturing,Large,Asia-Pacific,1428,1.31,22.66,488.15,0.18,5.3,28,31.5,0.042,0.35,146160,0.054
CMP-0043,Tech,Small,North America,93,3.55,112.25,783.87,0.04,8.3,19,32.6,0.108,0.78,175294,-0.05
CMP-0044,Energy,Large,Europe,2026,2.11,173.02,1104.37,0.17,6.4,37,20.3,0.08,0.46,456020,0.381
CMP-0045,Finance,Large,Latin America,4851,2.6,124.55,985.31,0.054,6.6,23,23.3,0.085,0.36,420892,0.22
CMP-0046,Retail,Medium,Europe,561,1.59,48.44,338.62,0.354,5.0,-4,15.9,0.033,0.41,98570,0.095
CMP-0047,Finance,Small,North America,124,2.38,159.68,1175.27,0.152,7.6,29,30.4,0.063,0.14,307914,0.348
CMP-0048,Manufacturing,Large,North America,3201,1.96,94.13,653.85,0.185,6.4,2,21.5,0.108,0.58,190238,0.088
CMP-0049,Manufacturing,Medium,Latin America,187,1.4,85.03,203.42,0.042,5.6,-9,19.9,0.086,0.39,301672,0.143
CMP-0050,Finance,Large,North America,3532,2.53,181.11,624.62,0.222,7.1,45,18.4,0.033,0.59,353876,0.139
CMP-0051,Government,Medium,Latin America,958,0.85,82.51,233.48,0.186,5.5,23,31.4,0.072,0.63,103488,0.041
CMP-0052,Education,Enterprise,Europe,32072,1.1,81.3,360.27,0.139,6.1,-21,42.3,0.098,0.7,99042,0.039
CMP-0053,Government,Medium,Latin America,846,1.21,70.94,234.69,0.165,7.1,24,39.8,0.06,0.75,133672,0.029
CMP-0054,Energy,Medium,Asia-Pacific,901,1.56,113.56,1090.78,0.098,5.5,25,30.5,0.073,0.43,327679,0.279
CMP-0055,Retail,Enterprise,Middle East & Africa,15264,0.7,38.43,353.75,0.132,5.8,46,18.1,0.065,0.34,96876,0.045
CMP-0056,Government,Medium,Europe,331,1.07,85.63,478.08,0.076,6.6,20,47.5,0.092,0.58,77565,0.002
CMP-0057,Tech,Small,Asia-Pacific,99,2.59,138.65,1096.83,0.136,7.5,44,23.6,0.163,0.43,294779,0.342
CMP-0058,Finance,Small,Europe,73,2.2,140.5,812.77,0.149,8.4,-12,41.8,0.037,0.44,281368,0.273
CMP-0059,Tech,Large,Europe,4359,1.43,138.49,1464.56,0.072,8.0,30,36.3,0.101,0.54,319029,0.324
CMP-0060,Healthcare,Large,Europe,4600,1.77,101.59,310.19,0.153,7.3,50,44.3,0.061,0.58,104975,0.136
CMP-0061,Healthcare,Large,Latin America,2414,2.45,66.44,470.22,0.239,6.4,16,65.2,0.063,0.53,141147,0.145
CMP-0062,Finance,Small,Middle East & Africa,50,2.07,117.53,1316.39,0.245,6.7,-5,37.1,0.059,0.59,142690,0.3
CMP-0063,Energy,Small,Asia-Pacific,121,1.17,135.58,753.14,0.112,6.4,35,31.1,0.082,0.64,193575,0.289
CMP-0064,Healthcare,Small,Europe,55,1.86,53.04,280.54,0.207,7.7,15,58.1,0.026,0.58,104856,0.122
CMP-0065,Finance,Medium,Europe,849,2.82,128.96,138.74,0.172,7.6,40,39.1,0.048,0.58,427325,0.06
CMP-0066,Manufacturing,Medium,Asia-Pacific,510,1.56,57.4,407.77,0.201,5.7,1,24.3,0.057,0.31,247556,0.04
CMP-0067,Tech,Medium,North America,717,3.4,138.5,418.55,0.106,8.8,24,27.4,0.114,0.71,259876,0.132
CMP-0068,Education,Medium,North America,232,2.21,103.26,507.25,0.154,6.3,10,52.3,0.058,0.78,117765,-0.01
CMP-0069,Tech,Enterprise,Europe,33074,4.12,80.08,867.11,0.153,9.4,90,38.1,0.095,0.68,368563,0.154
CMP-0070,Government,Medium,North America,534,1.92,64.6,469.68,0.147,6.8,27,28.2,0.049,0.57,127580,0.063
CMP-0071,Education,Medium,North America,649,1.73,101.84,379.27,0.183,6.0,18,54.7,0.067,0.56,92494,-0.011
CMP-0072,Finance,Large,North America,1672,2.05,194.52,1179.97,0.19,7.2,32,22.1,0.101,0.54,364281,0.173
CMP-0073,Tech,Medium,North America,776,0.86,163.89,730.29,0.097,8.4,34,42.6,0.119,0.7,170723,0.277
CMP-0074,Education,Large,North America,4451,1.71,56.88,430.53,0.061,7.4,6,26.1,0.02,0.74,72975,0.111
CMP-0075,Retail,Enterprise,Middle East & Africa,14754,1.41,20.85,213.92,0.391,5.8,-2,19.1,0.07,0.68,194441,0.046
CMP-0076,Education,Enterprise,Europe,9308,0.92,55.9,475.91,0.102,6.1,31,44.3,0.051,0.5,91282,0.013
CMP-0077,Education,Small,Europe,23,1.95,87.78,140.0,0.104,5.7,13,43.8,0.021,0.48,59861,0.058
CMP-0078,Tech,Enterprise,Asia-Pacific,33889,3.15,91.13,1028.34,0.113,7.6,72,45.4,0.061,0.72,362157,0.088
CMP-0079,Healthcare,Medium,North America,666,2.29,126.14,317.94,0.156,7.8,23,46.6,0.08,0.63,100411,0.163
CMP-0080,Tech,Medium,Middle East & Africa,615,3.85,110.82,839.13,0.063,8.2,52,31.4,0.134,0.58,325168,0.098
CMP-0081,Energy,Medium,Asia-Pacific,347,1.89,103.9,799.57,0.142,6.7,37,25.6,0.038,0.61,488145,0.057
CMP-0082,Retail,Enterprise,North America,22591,2.22,44.94,404.36,0.306,5.7,-7,13.2,0.042,0.4,122825,0.031
CMP-0083,Healthcare,Medium,Europe,655,2.21,124.62,415.59,0.237,7.3,28,40.9,0.092,0.64,105740,0.152
CMP-0084,Tech,Medium,Latin America,572,3.6,89.47,859.48,0.174,7.6,61,55.6,0.076,0.45,304305,0.238
CMP-0085,Finance,Large,Middle East & Africa,4951,2.14,222.66,559.89,0.202,6.7,66,45.9,0.057,0.4,397362,0.185
CMP-0086,Healthcare,Small,Europe,37,1.77,80.76,174.46,0.219,6.1,7,57.3,0.032,0.69,163262,0.083
CMP-0087,Education,Small,Europe,110,1.9,72.48,454.18,0.198,6.7,13,29.8,0.033,0.95,138563,-0.004
CMP-0088,Retail,Small,North America,72,0.81,64.64,385.67,0.329,5.7,7,20.3,0.062,0.21,109659,0.026
CMP-0089,Energy,Small,Middle East & Africa,75,2.01,214.48,830.85,0.144,7.6,31,34.2,0.082,0.65,236911,0.198
CMP-0090,Manufacturing,Small,North America,113,0.94,83.89,282.2,0.155,5.9,34,31.3,0.053,0.45,150329,0.032
CMP-0091,Tech,Small,Middle East & Africa,110,2.6,107.66,1456.68,0.162,6.7,31,42.2,0.163,0.43,129606,0.33
CMP-0092,Retail,Large,Asia-Pacific,4965,1.93,37.63,414.89,0.043,6.0,17,24.5,0.04,0.53,78355,0.07
CMP-0093,Education,Small,Europe,36,1.05,56.02,250.54,0.183,7.8,20,45.5,0.021,0.56,93242,0.155
CMP-0094,Manufacturing,Medium,Europe,239,0.84,106.6,569.53,0.197,8.1,22,27.1,0.088,0.59,276752,0.076
CMP-0095,Education,Enterprise,North America,37595,0.92,60.53,317.39,0.147,8.1,16,44.4,0.051,0.71,30000,0.026
CMP-0096,Manufacturing,Medium,North America,642,1.51,100.0,346.21,0.067,6.9,2,14.5,0.071,0.42,157667,-0.034
CMP-0097,Manufacturing,Large,North America,2097,1.94,101.87,559.15,0.112,6.0,14,28.8,0.11,0.35,205739,0.152
CMP-0098,Healthcare,Small,North America,30,2.67,101.14,662.03,0.226,8.2,27,29.7,0.112,0.67,153417,0.071
CMP-0099,Tech,Small,Asia-Pacific,31,3.07,138.53,899.32,0.156,9.2,61,33.9,0.128,0.5,311834,0.325
CMP-0100,Tech,Small,Europe,136,2.6,86.09,686.98,0.086,7.2,35,17.9,0.1,0.73,207379,0.302
CMP-0101,Tech,Small,North America,44,3.26,161.22,685.54,0.183,6.9,58,33.7,0.117,0.48,208394,0.228
CMP-0102,Retail,Medium,Middle East & Africa,425,1.03,64.26,155.94,0.356,4.5,22,22.4,0.046,0.6,131719,0.038
CMP-0103,Finance,Small,Latin America,49,1.49,51.87,1024.9,0.066,7.3,26,34.1,0.071,0.43,385868,0.25
CMP-0104,Manufacturing,Small,Latin America,66,1.56,81.73,189.66,0.225,6.9,-5,22.0,0.089,0.42,223370,0.22
CMP-0105,Energy,Small,Middle East & Africa,29,2.55,64.07,886.86,0.226,7.1,42,50.1,0.09,0.43,454508,0.172
CMP-0106,Finance,Medium,North America,591,2.22,132.43,1389.02,0.111,8.6,41,15.4,0.091,0.19,376295,0.3
CMP-0107,Healthcare,Small,Europe,28,1.44,83.71,871.75,0.185,5.7,50,63.6,0.07,0.71,260488,0.055
CMP-0108,Education,Medium,Asia-Pacific,830,1.26,92.08,599.05,0.178,6.2,60,37.6,0.043,0.64,149395,0.084
CMP-0109,Finance,Medium,Asia-Pacific,349,2.49,173.16,933.05,0.193,4.9,26,30.2,0.045,0.53,301597,0.378
CMP-0110,Tech,Large,North America,3160,4.43,101.37,877.27,0.136,7.4,45,24.4,0.066,0.69,330362,0.116
CMP-0111,Finance,Small,Asia-Pacific,134,2.83,118.42,995.95,0.209,7.2,41,23.4,0.074,0.45,252807,0.204
CMP-0112,Tech,Large,North America,3603,1.48,100.35,841.08,0.127,7.6,40,36.8,0.126,0.54,183743,0.097
CMP-0113,Government,Large,North America,3132,1.06,52.96,315.58,0.068,5.9,15,41.5,0.049,0.64,72932,0.039
CMP-0114,Education,Small,Europe,62,1.08,77.61,147.84,0.132,7.3,28,80.0,0.057,0.47,91658,-0.021
CMP-0115,Retail,Enterprise,Europe,19985,1.71,38.34,494.32,0.231,5.9,-3,30.2,0.054,0.78,164468,0.079
CMP-0116,Energy,Enterprise,Europe,35127,2.33,123.78,374.8,0.146,7.6,21,15.9,0.069,0.6,498423,0.155
CMP-0117,Education,Small,North America,149,1.98,56.94,158.5,0.104,8.4,20,41.6,0.044,0.85,151908,0.139
CMP-0118,Finance,Medium,Latin America,712,2.09,164.78,465.01,0.249,6.1,36,18.1,0.062,0.36,265291,0.171
CMP-0119,Energy,Large,North America,3231,1.65,139.17,547.48,0.171,7.9,12,22.8,0.065,0.54,369410,0.118
CMP-0120,Manufacturing,Large,North America,3922,1.72,42.44,563.98,0.205,5.9,-1,16.9,0.106,0.59,155388,0.152
CMP-0121,Education,Small,Latin America,80,0.46,52.14,375.96,0.105,6.2,12,49.1,0.046,0.31,30000,0.026
CMP-0122,Energy,Small,Middle East & Africa,27,2.17,13.84,640.06,0.134,8.0,14,33.8,0.073,0.14,426820,0.177
CMP-0123,Finance,Medium,Latin America,628,2.56,346.31,294.77,0.263,6.9,37,27.6,0.067,0.4,349655,0.083
CMP-0124,Tech,Medium,Asia-Pacific,964,3.48,103.35,567.48,0.117,8.8,32,35.6,0.078,0.71,334840,0.328
CMP-0125,Finance,Large,Asia-Pacific,1702,2.18,183.43,1025.37,0.238,6.6,46,26.2,0.078,0.49,342701,0.21
CMP-0126,Healthcare,Medium,Europe,736,1.93,127.34,697.38,0.281,6.3,-1,51.5,0.096,0.77,143761,0.086
CMP-0127,Education,Medium,North America,321,0.68,56.37,509.55,0.127,7.6,21,49.5,0.027,0.61,30000,0.043
CMP-0128,Energy,Large,Europe,3143,0.97,152.21,994.71,0.183,8.2,3,47.5,0.089,0.37,463562,0.071
CMP-0129,Tech,Small,Europe,32,2.06,95.66,717.76,0.087,8.8,37,35.5,0.083,0.4,301604,0.027
CMP-0130,Manufacturing,Medium,North America,533,1.37,35.79,718.09,0.235,6.3,40,17.2,0.106,0.46,218481,0.209
CMP-0131,Healthcare,Large,Asia-Pacific,4024,2.35,88.66,239.89,0.153,6.7,20,26.4,0.142,0.78,216127,0.104
CMP-0132,Finance,Enterprise,Europe,20641,2.26,102.4,1084.73,0.175,6.1,38,26.6,0.023,0.36,296914,0.39
CMP-0133,Tech,Medium,North America,715,3.3,66.58,971.51,0.063,8.7,33,31.1,0.14,0.47,168230,0.133
CMP-0134,Healthcare,Medium,North America,826,2.42,34.42,50.0,0.188,7.4,44,34.4,0.058,0.73,67815,0.077
CMP-0135,Government,Small,Asia-Pacific,140,1.28,68.98,328.63,0.121,3.9,0,40.0,0.04,0.69,127874,0.03
CMP-0136,Healthcare,Medium,North America,350,1.9,51.12,482.81,0.263,7.0,5,42.7,0.091,0.31,249544,0.08
CMP-0137,Manufacturing,Medium,Latin America,490,1.61,99.93,214.25,0.137,5.9,0,37.9,0.064,0.37,214307,0.036
CMP-0138,Retail,Small,Europe,39,1.36,61.35,280.06,0.272,5.4,-23,20.3,0.095,0.52,130136,0.088
CMP-0139,Healthcare,Medium,Europe,993,1.04,131.08,556.42,0.334,6.1,57,49.3,0.087,0.61,165088,0.172
CMP-0140,Government,Medium,Europe,938,1.26,20.66,243.59,0.113,6.7,10,48.4,0.021,0.69,37280,0.063
CMP-0141,Government,Small,Asia-Pacific,90,1.16,68.39,279.06,0.171,7.4,22,33.6,0.072,0.61,144222,0.089
CMP-0142,Finance,Medium,North America,865,2.95,113.52,1028.43,0.082,7.7,41,11.2,0.045,0.44,292922,0.111
CMP-0143,Manufacturing,Small,Asia-Pacific,87,1.59,76.29,390.86,0.135,7.4,48,20.1,0.072,0.5,174937,0.11
CMP-0144,Finance,Medium,Europe,680,2.72,54.53,1315.49,0.164,6.8,30,27.7,0.028,0.69,323719,0.26
CMP-0145,Finance,Small,North America,31,2.87,98.94,1062.04,0.144,8.0,-10,27.1,0.062,0.54,362303,0.156
CMP-0146,Tech,Enterprise,Latin America,38987,2.37,115.57,719.72,0.182,7.5,-10,28.3,0.069,0.42,190056,0.189
CMP-0147,Retail,Medium,Asia-Pacific,259,2.4,61.26,247.22,0.321,5.4,-5,9.9,0.025,0.47,127112,0.056
CMP-0148,Manufacturing,Large,Asia-Pacific,4304,1.25,46.36,552.14,0.101,7.1,-5,18.0,0.046,0.38,268271,0.156
CMP-0149,Tech,Large,Latin America,4128,3.86,140.89,620.01,0.123,7.2,65,20.0,0.127,0.73,426369,0.147
CMP-0150,Finance,Medium,Latin America,752,2.7,264.08,734.71,0.068,5.5,46,11.1,0.069,0.54,336665,0.258
CMP-0151,Energy,Small,Asia-Pacific,24,2.03,154.76,540.49,0.126,6.1,37,39.0,0.079,0.54,232195,0.293
CMP-0152,Finance,Medium,Asia-Pacific,408,3.27,186.78,1454.54,0.061,6.7,17,34.5,0.048,0.59,443348,0.283
CMP-0153,Tech,Medium,Asia-Pacific,374,3.06,80.49,638.29,0.202,8.4,41,27.8,0.039,0.49,432913,0.078
CMP-0154,Manufacturing,Large,Asia-Pacific,2441,1.57,95.19,250.3,0.191,7.2,15,46.9,0.04,0.57,187903,0.174
CMP-0155,Government,Medium,Europe,225,1.38,45.34,432.06,0.046,7.0,17,42.0,0.081,0.72,115923,0.014
CMP-0156,Finance,Small,Asia-Pacific,141,1.7,209.34,1350.9,0.146,7.2,13,38.6,0.1,0.75,240950,0.186
CMP-0157,Retail,Medium,North America,621,1.74,67.93,294.12,0.201,7.1,25,11.6,0.087,0.68,126043,0.063
CMP-0158,Education,Medium,Latin America,410,1.78,46.04,383.9,0.042,7.8,-3,66.0,0.043,0.57,73029,0.038
CMP-0159,Finance,Large,Latin America,2588,3.35,25.61,1407.34,0.18,6.1,10,43.1,0.052,0.32,422358,0.25
CMP-0160,Education,Medium,North America,530,1.03,69.77,246.65,0.205,8.0,34,50.1,0.085,0.6,53634,0.068
CMP-0161,Healthcare,Medium,Asia-Pacific,660,3.05,49.56,454.94,0.249,6.7,-3,53.5,0.14,0.61,125755,0.007
CMP-0162,Retail,Enterprise,North America,28206,1.93,77.08,433.57,0.28,5.3,-14,23.8,0.078,0.3,201119,0.083
CMP-0163,Retail,Large,North America,4677,2.56,28.16,168.59,0.267,6.6,49,22.9,0.055,0.38,175350,0.021
CMP-0164,Manufacturing,Small,Asia-Pacific,84,2.21,62.89,658.59,0.221,6.0,4,21.3,0.103,0.45,158433,0.108
CMP-0165,Tech,Small,North America,148,2.87,34.85,964.54,0.091,6.9,11,14.1,0.059,0.53,436260,0.138
CMP-0166,Energy,Small,Asia-Pacific,130,2.01,124.02,778.83,0.156,5.7,49,48.1,0.036,0.28,322018,0.083
CMP-0167,Healthcare,Small,Asia-Pacific,47,2.1,58.15,909.71,0.303,7.0,40,53.3,0.053,0.47,184688,0.152
CMP-0168,Finance,Small,Europe,140,2.3,71.15,679.15,0.156,7.1,71,15.5,0.095,0.69,524430,0.184
CMP-0169,Tech,Small,North America,35,3.24,142.79,898.87,0.135,8.1,-3,38.8,0.104,0.59,443748,0.126
CMP-0170,Retail,Medium,North America,845,1.36,94.83,220.15,0.23,5.8,28,19.5,0.034,0.45,92669,0.057
CMP-0171,Retail,Small,Europe,69,1.86,63.36,106.88,0.376,6.3,40,21.1,0.082,0.59,180580,0.081
CMP-0172,Tech,Enterprise,Middle East & Africa,44508,2.98,210.9,1233.1,0.169,6.8,18,34.9,0.104,0.55,305842,0.307
CMP-0173,Manufacturing,Small,Asia-Pacific,132,1.75,41.47,403.27,0.132,5.8,6,20.2,0.052,0.42,160757,-0.05
CMP-0174,Finance,Medium,North America,835,3.64,204.44,807.11,0.161,6.1,65,45.1,0.085,0.62,335775,0.1
CMP-0175,Retail,Medium,Asia-Pacific,821,1.35,57.64,265.45,0.26,5.9,8,18.4,0.039,0.42,62193,0.099
CMP-0176,Tech,Enterprise,Europe,18711,1.0,166.14,1376.08,0.125,5.7,35,31.4,0.07,0.56,422536,0.233
CMP-0177,Retail,Small,Asia-Pacific,30,1.05,23.05,280.76,0.261,6.6,-1,21.6,0.099,0.63,117836,0.053
CMP-0178,Healthcare,Medium,North America,493,1.59,115.42,407.08,0.223,6.9,6,23.5,0.08,0.57,210014,0.068
CMP-0179,Government,Enterprise,Asia-Pacific,12809,1.86,42.46,735.64,0.05,6.8,20,26.2,0.068,0.81,30000,0.055
CMP-0180,Tech,Enterprise,Europe,36273,0.61,81.37,1445.89,0.111,6.9,38,52.7,0.045,0.49,419784,0.329
CMP-0181,Healthcare,Large,Middle East & Africa,2385,1.82,42.83,969.03,0.332,7.5,0,39.4,0.065,0.62,267060,0.153
CMP-0182,Tech,Medium,North America,979,1.83,175.06,928.28,0.174,9.0,21,31.6,0.084,0.43,307736,0.381
CMP-0183,Government,Small,Asia-Pacific,103,0.46,59.35,489.68,0.125,6.3,-11,37.6,0.045,0.46,157783,0.069
CMP-0184,Energy,Large,Latin America,4290,2.03,118.02,1065.26,0.171,7.6,16,43.1,0.076,0.42,222993,0.183
CMP-0185,Finance,Enterprise,North America,10964,1.78,118.09,776.7,0.096,9.1,58,45.3,0.043,0.49,213763,0.157
CMP-0186,Retail,Medium,Latin America,882,1.05,79.79,272.45,0.376,6.7,60,7.6,0.085,0.68,76197,0.1
CMP-0187,Education,Medium,Asia-Pacific,934,1.67,60.0,272.89,0.114,8.8,25,55.9,0.034,0.5,132869,-0.004
CMP-0188,Manufacturing,Medium,North America,564,1.19,70.85,436.71,0.169,6.6,28,29.9,0.06,0.41,283633,0.183
CMP-0189,Manufacturing,Large,North America,3425,0.75,78.79,133.13,0.183,8.3,-3,17.3,0.113,0.25,155707,0.162
CMP-0190,Finance,Small,Asia-Pacific,119,1.76,138.2,1143.26,0.185,7.4,25,31.3,0.076,0.54,275276,0.204
CMP-0191,Tech,Medium,North America,299,1.91,118.6,647.25,0.084,8.0,45,39.8,0.087,0.67,324063,0.216
CMP-0192,Energy,Medium,Europe,577,1.4,115.23,830.11,0.16,4.9,25,52.1,0.063,0.31,387334,0.185
CMP-0193,Energy,Medium,North America,489,2.62,65.97,910.9,0.19,6.7,28,40.3,0.087,0.26,432015,0.155
CMP-0194,Retail,Small,Europe,39,1.64,56.46,301.97,0.387,5.9,-14,15.2,0.064,0.69,147139,0.026
CMP-0195,Healthcare,Small,North America,67,3.29,87.94,749.57,0.209,7.3,36,54.6,0.102,0.69,161094,0.066
CMP-0196,Healthcare,Large,Latin America,1273,2.1,107.99,518.3,0.295,8.3,-2,30.0,0.066,0.62,148525,0.181
CMP-0197,Education,Medium,Middle East & Africa,172,1.71,65.87,193.33,0.084,7.3,-13,59.2,0.047,0.95,175777,0.043
CMP-0198,Energy,Medium,Middle East & Africa,265,1.84,144.85,1124.7,0.078,5.2,10,35.8,0.08,0.53,230030,-0.025
CMP-0199,Energy,Small,Asia-Pacific,145,2.41,81.01,305.93,0.167,7.5,19,25.4,0.067,0.36,215195,0.103
CMP-0200,Education,Medium,North America,617,1.76,72.08,401.85,0.1,6.8,-14,47.5,0.079,0.41,74492,0.063
CMP-0201,Retail,Medium,Asia-Pacific,970,2.35,46.04,236.93,0.103,6.1,54,19.9,0.06,0.57,119500,0.027
CMP-0202,Tech,Small,North America,76,3.54,129.03,854.4,0.091,8.8,53,26.5,0.13,0.56,217439,0.119
CMP-0203,Tech,Medium,North America,415,1.21,138.86,392.21,0.079,6.1,40,30.5,0.09,0.49,186221,0.217
CMP-0204,Energy,Small,North America,85,1.57,121.07,555.25,0.169,8.0,33,25.9,0.075,0.37,350788,0.134
CMP-0205,Retail,Small,Europe,77,1.5,59.24,200.8,0.189,4.3,-25,9.5,0.063,0.4,143112,0.061
CMP-0206,Tech,Enterprise,Asia-Pacific,9755,1.13,146.2,1210.6,0.09,8.1,26,33.0,0.062,0.4,261843,0.17
CMP-0207,Tech,Medium,Asia-Pacific,695,2.44,72.64,750.03,0.153,7.8,45,25.3,0.135,0.48,319004,0.275
CMP-0208,Retail,Large,Europe,1864,1.98,50.95,277.13,0.373,4.3,-11,15.2,0.085,0.57,76437,0.048
CMP-0209,Tech,Medium,North America,677,2.25,91.61,1094.72,0.071,9.1,56,42.9,0.086,0.6,165347,0.138
CMP-0210,Tech,Large,Middle East & Africa,3601,3.41,171.84,619.07,0.122,7.7,16,37.9,0.078,0.6,243844,0.117
CMP-0211,Manufacturing,Large,Europe,1608,1.47,64.61,393.36,0.136,6.6,48,25.1,0.12,0.27,211043,0.043
CMP-0212,Retail,Medium,Europe,203,0.71,40.21,463.03,0.366,6.3,-23,16.6,0.066,0.54,37029,0.024
CMP-0213,Retail,Medium,North America,813,1.56,65.73,56.46,0.265,6.2,28,22.9,0.072,0.41,34139,0.044
CMP-0214,Finance,Medium,Asia-Pacific,541,2.9,219.67,1133.16,0.186,7.5,20,26.8,0.13,0.35,465330,0.191
CMP-0215,Retail,Medium,Asia-Pacific,200,2.4,26.86,390.31,0.214,4.3,14,25.1,0.043,0.31,115866,0.057
CMP-0216,Finance,Enterprise,North America,49768,2.84,197.48,1037.5,0.271,7.4,25,13.5,0.072,0.43,426748,0.262
CMP-0217,Healthcare,Large,North America,1232,1.15,85.17,692.15,0.327,7.7,34,40.7,0.082,0.74,100033,0.079
CMP-0218,Education,Enterprise,Asia-Pacific,36276,1.23,73.34,620.92,0.12,4.8,17,57.8,0.061,0.66,89460,-0.001
CMP-0219,Retail,Small,Asia-Pacific,147,1.91,38.31,582.09,0.331,5.3,-3,17.3,0.055,0.68,128388,0.031
CMP-0220,Energy,Large,North America,1957,3.19,111.73,992.68,0.13,7.1,27,11.1,0.11,0.55,310280,0.072
CMP-0221,Retail,Enterprise,Middle East & Africa,11402,1.99,56.73,417.08,0.297,6.6,41,22.0,0.039,0.71,203519,0.186
CMP-0222,Manufacturing,Small,North America,35,0.84,76.07,107.69,0.213,5.6,53,17.8,0.039,0.38,61715,0.173
CMP-0223,Tech,Small,Europe,59,0.94,121.14,330.55,0.124,9.1,48,23.4,0.099,0.62,317810,0.071
CMP-0224,Healthcare,Large,Middle East & Africa,1405,2.26,10.0,439.15,0.186,7.4,18,23.1,0.04,0.61,175255,0.065
CMP-0225,Finance,Medium,Europe,738,1.86,184.81,764.69,0.155,9.2,3,11.3,0.104,0.38,291358,0.15
CMP-0226,Finance,Large,Asia-Pacific,1250,2.12,229.93,1253.49,0.212,5.9,8,4.0,0.056,0.61,366525,0.2
CMP-0227,Government,Small,Europe,86,1.19,46.22,428.67,0.151,4.8,17,45.3,0.052,0.75,222586,0.037
CMP-0228,Healthcare,Large,North America,4986,2.14,57.86,596.84,0.252,7.0,-4,42.5,0.114,0.64,237719,0.086
CMP-0229,Energy,Small,Middle East & Africa,125,2.35,119.77,540.8,0.176,5.9,9,31.9,0.076,0.26,455398,0.206
CMP-0230,Retail,Small,Europe,99,1.18,24.25,302.61,0.24,6.1,2,4.0,0.052,0.48,148514,0.032
CMP-0231,Education,Small,Latin America,59,2.34,22.94,550.45,0.139,7.8,26,61.0,0.042,0.46,144717,0.045
CMP-0232,Manufacturing,Large,North America,3495,1.59,100.87,286.42,0.216,5.6,12,24.6,0.045,0.35,294575,0.182
CMP-0233,Manufacturing,Large,North America,3108,1.44,76.08,405.93,0.261,6.0,19,33.2,0.067,0.63,92867,0.234
CMP-0234,Manufacturing,Medium,North America,512,1.21,63.93,136.5,0.153,5.1,2,22.9,0.119,0.46,221537,0.043
CMP-0235,Finance,Medium,Asia-Pacific,261,1.58,239.94,699.44,0.259,7.0,32,37.6,0.118,0.46,285058,0.215
CMP-0236,Education,Enterprise,Europe,44897,1.84,84.61,437.63,0.181,8.5,31,49.4,0.02,0.26,114022,0.046
CMP-0237,Finance,Medium,Latin America,532,1.84,162.18,901.88,0.228,7.3,17,36.9,0.073,0.55,277033,0.162
CMP-0238,Tech,Large,Europe,1779,3.02,120.51,1047.55,0.127,6.3,34,39.9,0.091,0.59,358910,0.123
CMP-0239,Retail,Medium,Middle East & Africa,463,0.67,51.79,261.9,0.193,5.8,20,17.9,0.066,0.77,104570,0.071
CMP-0240,Tech,Medium,North America,502,2.34,86.15,703.77,0.116,8.1,84,24.8,0.088,0.61,311663,0.201
CMP-0241,Government,Medium,Latin America,853,1.71,11.47,65.83,0.1,7.5,-16,4.0,0.071,0.7,66391,0.01
CMP-0242,Government,Medium,Asia-Pacific,773,0.81,62.21,312.32,0.14,3.5,-3,22.6,0.055,0.63,141913,-0.016
CMP-0243,Energy,Large,Asia-Pacific,4077,2.02,129.54,1251.14,0.136,7.1,-12,6.1,0.087,0.4,467851,0.05
CMP-0244,Healthcare,Medium,Asia-Pacific,160,2.11,136.06,595.55,0.239,6.8,-16,56.3,0.052,0.65,86217,0.029
CMP-0245,Tech,Small,Asia-Pacific,74,4.09,106.11,1213.32,0.136,6.3,58,26.1,0.121,0.62,156550,0.193
CMP-0246,Government,Enterprise,Europe,26661,2.29,69.86,450.74,0.163,6.6,15,23.0,0.065,0.78,80385,0.083
CMP-0247,Healthcare,Medium,North America,167,1.74,53.37,699.57,0.2,7.6,11,39.3,0.085,0.62,60268,0.033
CMP-0248,Government,Medium,North America,371,1.57,57.36,326.68,0.066,5.3,-24,33.9,0.048,0.58,107275,0.051
CMP-0249,Government,Enterprise,Latin America,39213,2.24,29.76,646.66,0.159,5.6,15,30.0,0.064,0.83,140935,0.055
CMP-0250,Energy,Large,Europe,1549,1.72,58.06,760.47,0.22,5.4,1,31.3,0.05,0.3,307640,0.051
CMP-0251,Finance,Small,Asia-Pacific,89,1.52,185.17,527.79,0.064,6.6,46,26.2,0.066,0.49,162886,0.265
CMP-0252,Healthcare,Enterprise,Europe,14684,2.23,67.72,806.23,0.141,7.9,21,36.0,0.069,0.57,265877,0.035
CMP-0253,Energy,Large,North America,1049,1.51,146.27,668.5,0.205,8.3,14,36.8,0.047,0.49,369942,0.198
CMP-0254,Finance,Medium,North America,355,1.75,66.95,1070.98,0.036,6.9,50,29.7,0.138,0.62,261149,0.222
CMP-0255,Tech,Small,Asia-Pacific,146,2.76,56.71,614.9,0.112,6.2,42,29.5,0.05,0.67,337269,0.198
CMP-0256,Manufacturing,Large,Europe,4206,1.3,84.79,563.8,0.198,5.3,20,33.6,0.072,0.69,163205,0.122
CMP-0257,Government,Large,North America,4838,0.98,64.47,168.58,0.098,5.3,14,45.9,0.073,0.44,191682,0.049
CMP-0258,Retail,Medium,Europe,565,1.13,58.14,341.14,0.22,6.2,-3,15.2,0.046,0.32,126562,0.083
CMP-0259,Manufacturing,Enterprise,North America,9939,1.82,90.5,538.95,0.148,7.1,-12,16.8,0.061,0.57,279294,0.154
CMP-0260,Tech,Large,Europe,3192,3.95,84.83,1012.12,0.134,8.5,39,28.2,0.116,0.73,226532,0.175
CMP-0261,Retail,Small,North America,79,0.96,10.0,344.06,0.335,6.3,-32,15.5,0.016,0.71,71127,0.11
CMP-0262,Government,Medium,Asia-Pacific,867,1.58,41.99,241.41,0.134,5.6,13,29.7,0.024,0.46,119067,0.023
CMP-0263,Tech,Small,North America,32,2.3,147.83,1143.36,0.126,7.5,51,18.4,0.107,0.69,334418,0.025
CMP-0264,Manufacturing,Large,Europe,2953,1.07,48.04,469.78,0.209,7.8,5,20.0,0.124,0.48,288735,0.14
CMP-0265,Energy,Small,North America,39,1.21,63.34,408.67,0.193,7.9,57,38.4,0.093,0.33,234358,0.228
CMP-0266,Education,Medium,North America,426,1.71,67.36,430.36,0.166,8.2,48,52.6,0.067,0.67,78859,0.08
CMP-0267,Retail,Large,Europe,3949,0.8,76.08,190.79,0.306,5.0,22,17.8,0.028,0.58,93993,0.095
CMP-0268,Retail,Enterprise,Europe,26421,1.76,62.91,235.86,0.227,5.4,28,29.7,0.044,0.67,30000,0.012
CMP-0269,Healthcare,Medium,Europe,470,1.22,39.42,234.95,0.249,6.6,26,48.3,0.078,0.67,175828,0.029
CMP-0270,Finance,Large,North America,2578,3.09,120.54,690.47,0.149,6.4,23,31.1,0.09,0.35,276106,0.317
CMP-0271,Education,Small,Asia-Pacific,79,1.75,110.65,533.42,0.207,5.8,38,44.3,0.039,0.62,128082,0.07
CMP-0272,Education,Large,Latin America,4140,1.11,81.33,320.88,0.161,6.7,21,55.7,0.029,0.85,31261,0.026
CMP-0273,Energy,Small,Asia-Pacific,135,2.12,130.45,727.9,0.157,7.2,17,43.9,0.087,0.5,253384,0.154
CMP-0274,Energy,Medium,North America,962,1.72,74.8,829.24,0.133,7.4,1,47.2,0.052,0.43,429185,0.114
CMP-0275,Manufacturing,Large,Europe,4147,1.92,39.27,688.84,0.181,5.5,9,30.5,0.072,0.35,184492,0.038
CMP-0276,Manufacturing,Small,North America,61,2.31,55.84,544.74,0.193,5.1,14,30.3,0.084,0.58,271506,0.184
CMP-0277,Education,Small,North America,109,1.27,41.24,300.23,0.16,7.5,-14,44.9,0.053,0.56,140194,0.067
CMP-0278,Retail,Large,Middle East & Africa,2750,2.51,50.68,467.1,0.427,7.6,-14,16.2,0.053,0.59,150885,0.026
CMP-0279,Retail,Large,North America,2019,1.72,14.6,532.48,0.234,6.1,3,26.0,0.01,0.52,115238,0.042
CMP-0280,Education,Large,Europe,4363,2.48,45.48,518.76,0.168,8.1,12,34.7,0.072,0.66,40927,0.028
CMP-0281,Energy,Large,Europe,1154,2.24,139.32,648.61,0.02,7.3,-1,9.8,0.013,0.5,362861,0.142
CMP-0282,Healthcare,Medium,Asia-Pacific,916,2.63,99.12,810.93,0.123,6.8,-17,37.2,0.063,0.66,182733,0.137
CMP-0283,Healthcare,Medium,Europe,542,2.22,144.65,463.25,0.154,7.0,0,57.8,0.062,0.51,151721,0.143
CMP-0284,Tech,Medium,North America,691,2.66,94.33,1266.34,0.097,7.8,53,15.7,0.114,0.49,345822,0.103
CMP-0285,Manufacturing,Small,North America,105,1.75,97.65,549.22,0.195,5.9,3,35.8,0.069,0.32,246575,0.064
CMP-0286,Tech,Enterprise,Europe,45280,2.14,62.26,838.66,0.136,8.0,59,37.3,0.094,0.6,336853,0.282
CMP-0287,Manufacturing,Medium,North America,691,1.46,58.27,271.07,0.093,6.9,26,28.6,0.086,0.61,166111,0.187
CMP-0288,Manufacturing,Medium,Europe,672,1.38,54.79,508.88,0.205,6.6,16,23.7,0.162,0.58,250597,0.128
CMP-0289,Finance,Medium,North America,207,2.91,175.9,927.86,0.142,7.1,-31,29.9,0.065,0.7,321740,0.113
CMP-0290,Retail,Enterprise,North America,28328,1.73,34.08,433.33,0.306,7.1,-7,18.2,0.033,0.62,150516,0.08
CMP-0291,Tech,Small,Europe,39,2.8,136.59,1251.08,0.126,7.9,22,23.3,0.103,0.75,259497,0.161
CMP-0292,Tech,Medium,North America,777,2.43,98.61,923.74,0.065,8.8,30,39.2,0.062,0.7,333755,0.211
CMP-0293,Energy,Medium,Europe,585,1.3,118.73,489.73,0.147,7.7,37,30.2,0.051,0.48,351938,-0.026
CMP-0294,Healthcare,Large,Asia-Pacific,3721,2.38,79.27,795.36,0.143,3.6,24,43.5,0.019,0.45,345313,0.082
CMP-0295,Tech,Small,Asia-Pacific,25,3.46,93.97,327.42,0.131,7.6,34,30.9,0.108,0.6,178879,0.219
CMP-0296,Manufacturing,Enterprise,North America,8816,0.47,18.74,610.51,0.21,6.1,-12,18.3,0.082,0.25,155681,0.166
CMP-0297,Education,Enterprise,North America,37234,2.44,55.77,550.1,0.054,7.6,10,49.3,0.045,0.77,67614,0.075
CMP-0298,Finance,Medium,North America,212,2.0,142.08,864.84,0.109,7.2,30,30.2,0.083,0.59,403115,0.125
CMP-0299,Retail,Large,Asia-Pacific,1285,2.23,31.27,421.79,0.336,3.7,12,14.7,0.045,0.71,90584,0.028
CMP-0300,Tech,Enterprise,Asia-Pacific,5545,3.15,147.42,936.78,0.198,8.2,2,26.7,0.083,0.68,73515,0.384
CMP-0301,Tech,Large,North America,4826,3.44,125.96,1237.02,0.257,8.5,59,33.3,0.096,0.56,213911,0.125
CMP-0302,Manufacturing,Small,Latin America,115,0.72,68.1,167.3,0.191,6.2,17,19.8,0.182,0.6,112882,0.136
CMP-0303,Manufacturing,Medium,North America,450,1.1,44.64,218.99,0.206,5.5,34,32.0,0.131,0.34,233275,0.164
CMP-0304,Retail,Large,Europe,2186,1.38,39.56,554.19,0.3,6.8,-8,9.5,0.049,0.5,72110,0.06
CMP-0305,Education,Medium,Asia-Pacific,447,0.66,40.36,467.22,0.18,6.6,6,30.6,0.043,0.68,127488,0.03
CMP-0306,Government,Large,Latin America,4098,0.78,65.36,307.48,0.099,7.7,26,36.7,0.035,0.7,152506,0.029
CMP-0307,Manufacturing,Enterprise,Asia-Pacific,34762,2.28,102.32,769.99,0.198,6.8,43,27.6,0.075,0.39,227533,0.03
CMP-0308,Healthcare,Enterprise,Asia-Pacific,13334,1.89,112.9,144.41,0.327,7.9,7,46.5,0.07,0.74,250909,0.016
CMP-0309,Education,Medium,North America,298,1.79,60.48,390.77,0.114,8.6,43,34.6,0.023,0.55,110207,0.06
CMP-0310,Finance,Small,Asia-Pacific,32,3.08,189.5,1210.87,0.18,5.9,28,37.5,0.078,0.55,291312,0.127
CMP-0311,Healthcare,Enterprise,North America,34713,1.9,89.27,462.27,0.204,5.9,42,36.5,0.114,0.78,183894,0.039
CMP-0312,Tech,Large,Latin America,4057,0.97,61.12,547.06,0.209,7.9,49,9.8,0.064,0.73,302941,0.168
CMP-0313,Tech,Small,Europe,54,3.31,185.43,794.74,0.143,8.0,85,11.0,0.12,0.61,325341,0.127
CMP-0314,Government,Enterprise,Asia-Pacific,5943,1.3,74.23,961.18,0.152,5.6,4,30.0,0.024,0.65,146278,0.002
CMP-0315,Energy,Enterprise,Europe,8698,2.78,127.07,676.74,0.153,8.2,35,30.1,0.065,0.41,313764,-0.008
CMP-0316,Retail,Medium,Asia-Pacific,972,2.83,58.11,367.78,0.275,5.1,5,6.8,0.106,0.35,73561,0.042
CMP-0317,Healthcare,Medium,Europe,401,2.57,80.44,297.5,0.308,7.5,29,48.6,0.142,0.86,138797,0.197
CMP-0318,Tech,Medium,Asia-Pacific,804,3.14,139.96,426.93,0.131,7.1,56,42.7,0.038,0.62,369748,0.165
CMP-0319,Tech,Small,North America,101,3.46,134.05,935.42,0.126,6.8,21,39.1,0.101,0.6,246088,0.156
CMP-0320,Finance,Medium,North America,475,2.93,133.24,517.68,0.205,7.0,32,42.5,0.079,0.52,213896,0.2
CMP-0321,Manufacturing,Large,North America,1823,1.79,31.12,486.14,0.186,6.2,35,26.7,0.134,0.32,209514,0.126
CMP-0322,Retail,Small,North America,35,0.96,74.13,598.96,0.278,6.6,11,13.0,0.024,0.42,57361,0.128
CMP-0323,Retail,Medium,Latin America,673,1.53,48.08,426.7,0.179,5.1,11,25.2,0.07,0.55,123515,0.076
CMP-0324,Finance,Medium,North America,808,2.34,98.5,933.82,0.096,7.3,22,50.9,0.079,0.28,307923,0.267
CMP-0325,Government,Medium,Middle East & Africa,697,1.87,48.21,178.46,0.153,5.0,4,32.2,0.059,0.75,82654,0.032
CMP-0326,Education,Enterprise,North America,28864,1.64,68.29,451.63,0.172,7.8,32,51.4,0.018,0.61,117371,0.079
CMP-0327,Manufacturing,Medium,North America,186,1.05,53.52,333.88,0.212,7.3,6,31.3,0.094,0.43,185203,0.172
CMP-0328,Retail,Medium,Asia-Pacific,973,1.8,100.52,217.73,0.327,5.4,-9,17.9,0.063,0.93,111713,0.015
CMP-0329,Healthcare,Large,Asia-Pacific,4195,2.06,17.76,543.72,0.221,7.6,39,34.0,0.065,0.48,112316,0.119
CMP-0330,Finance,Medium,Europe,399,1.31,129.27,621.45,0.193,8.8,5,11.3,0.076,0.48,339679,0.18
CMP-0331,Healthcare,Small,Europe,147,1.68,91.03,707.28,0.083,6.4,22,29.0,0.122,0.5,177522,0.133
CMP-0332,Education,Medium,Asia-Pacific,661,1.2,24.38,324.27,0.201,6.7,9,58.0,0.043,0.53,100230,0.081
CMP-0333,Tech,Small,North America,95,4.94,153.09,1139.96,0.115,7.0,43,33.1,0.068,0.6,311945,0.209
CMP-0334,Tech,Small,Middle East & Africa,117,3.25,131.64,723.25,0.114,6.8,74,32.1,0.093,0.51,514852,0.094
CMP-0335,Tech,Medium,Middle East & Africa,840,2.41,136.63,1000.05,0.188,9.2,51,21.4,0.092,0.66,445458,0.068
CMP-0336,Tech,Medium,Asia-Pacific,708,3.88,127.2,1059.46,0.135,7.1,55,38.5,0.129,0.62,232014,0.055
CMP-0337,Energy,Enterprise,North America,10765,2.63,124.84,618.16,0.133,6.4,-6,21.8,0.047,0.35,289936,0.03
CMP-0338,Retail,Medium,Asia-Pacific,438,2.81,80.05,226.52,0.305,6.5,36,12.3,0.082,0.44,59886,0.089
CMP-0339,Manufacturing,Medium,North America,938,2.05,134.7,240.04,0.222,5.7,30,12.2,0.052,0.35,205527,0.075
CMP-0340,Tech,Large,North America,1899,3.56,161.08,1079.89,0.221,8.1,20,45.6,0.082,0.73,405898,0.217
CMP-0341,Manufacturing,Small,North America,68,0.65,47.04,618.41,0.17,6.3,30,29.6,0.098,0.41,178113,0.18
CMP-0342,Manufacturing,Large,Europe,2728,1.76,63.57,628.9,0.172,5.3,0,16.2,0.082,0.59,143643,0.133
CMP-0343,Tech,Small,Latin America,77,2.21,109.59,472.49,0.129,7.6,51,34.2,0.064,0.75,296824,0.196
CMP-0344,Healthcare,Enterprise,Asia-Pacific,32582,1.97,64.47,643.09,0.253,5.1,6,36.9,0.078,0.74,140380,0.07
CMP-0345,Healthcare,Small,Asia-Pacific,142,1.49,55.95,457.51,0.274,5.7,27,19.6,0.053,0.54,280491,0.084
CMP-0346,Retail,Medium,Europe,355,0.28,15.02,324.08,0.335,6.5,13,26.1,0.049,0.65,46559,0.024
CMP-0347,Retail,Small,North America,35,0.52,49.5,314.45,0.29,6.1,-10,16.7,0.03,0.71,106336,0.04
CMP-0348,Tech,Enterprise,Europe,13886,4.65,70.31,653.89,0.085,7.7,49,39.4,0.177,0.35,345133,0.135
CMP-0349,Healthcare,Medium,Middle East & Africa,903,1.45,61.41,356.42,0.338,7.6,18,56.2,0.025,0.41,49321,0.058
CMP-0350,Retail,Medium,North America,699,1.7,57.06,337.92,0.153,7.0,15,23.1,0.022,0.56,66550,0.044
CMP-0351,Manufacturing,Small,Latin America,57,1.67,72.28,292.27,0.18,4.5,38,22.4,0.124,0.38,163349,0.067
CMP-0352,Energy,Large,Europe,4263,2.55,85.17,963.16,0.141,5.0,11,18.2,0.071,0.26,442597,0.153
CMP-0353,Retail,Small,Europe,131,1.49,68.12,435.67,0.278,5.1,-29,13.2,0.048,0.53,104468,0.088
CMP-0354,Tech,Enterprise,Asia-Pacific,43093,2.47,117.72,1317.9,0.157,7.8,31,25.7,0.074,0.56,357475,0.162
CMP-0355,Tech,Small,Europe,139,1.59,190.73,929.99,0.07,7.4,43,49.0,0.067,0.74,391958,0.13
CMP-0356,Retail,Small,Latin America,52,1.43,34.27,295.58,0.277,6.8,33,12.8,0.021,0.52,133209,0.07
CMP-0357,Tech,Small,Latin America,118,2.51,124.99,1228.86,0.159,7.5,32,30.3,0.149,0.6,278416,0.141
CMP-0358,Retail,Medium,Europe,541,2.26,94.2,374.07,0.287,6.0,-42,23.2,0.063,0.58,87984,0.045
CMP-0359,Government,Medium,North America,865,1.04,80.43,346.97,0.203,6.8,-10,33.6,0.047,0.46,173978,0.061
CMP-0360,Manufacturing,Small,Europe,114,1.67,74.14,212.7,0.151,7.1,-6,4.0,0.083,0.42,209489,0.171
CMP-0361,Healthcare,Large,Latin America,4106,2.29,87.76,794.01,0.114,7.3,31,25.1,0.025,0.48,140307,0.145
CMP-0362,Retail,Medium,North America,708,1.23,37.87,246.6,0.381,6.0,6,17.2,0.086,0.42,179197,0.068
CMP-0363,Healthcare,Medium,Europe,301,1.7,155.03,329.98,0.195,5.6,38,60.3,0.12,0.74,168142,0.078
CMP-0364,Manufacturing,Medium,Asia-Pacific,613,0.56,120.9,490.35,0.15,7.7,-4,27.3,0.085,0.52,195549,0.018
CMP-0365,Government,Medium,Asia-Pacific,986,1.23,80.98,395.91,0.151,5.4,11,28.1,0.075,0.68,137602,0.073
CMP-0366,Healthcare,Medium,North America,946,2.21,88.19,340.32,0.22,6.3,10,35.5,0.041,0.33,139911,0.112
CMP-0367,Government,Small,Asia-Pacific,25,0.66,60.31,666.04,0.161,8.0,19,47.8,0.046,0.62,30000,0.076
CMP-0368,Energy,Small,Latin America,41,2.82,90.64,694.13,0.122,7.1,43,12.6,0.078,0.37,361339,0.197
CMP-0369,Finance,Enterprise,North America,10928,2.28,144.82,984.21,0.218,7.6,36,16.6,0.069,0.61,339562,0.279
CMP-0370,Tech,Enterprise,North America,37669,4.83,161.54,1004.28,0.114,5.8,38,28.7,0.112,0.6,267087,0.038
CMP-0371,Tech,Medium,Middle East & Africa,845,1.95,139.07,1278.98,0.135,8.1,59,23.9,0.111,0.53,349185,0.192
CMP-0372,Tech,Medium,North America,332,3.07,88.7,1026.76,0.244,7.0,35,34.3,0.124,0.55,53357,0.289
CMP-0373,Tech,Large,Latin America,3023,3.66,50.28,753.96,0.218,9.0,58,30.2,0.102,0.6,370259,0.11
CMP-0374,Retail,Medium,Europe,864,1.12,75.21,314.68,0.404,5.2,8,11.5,0.06,0.31,98056,0.003
CMP-0375,Tech,Small,North America,115,3.42,148.66,417.43,0.207,9.8,42,25.6,0.185,0.46,281608,0.194
CMP-0376,Finance,Small,Latin America,90,3.14,167.99,770.41,0.103,6.9,11,28.4,0.063,0.27,432963,0.175
CMP-0377,Energy,Large,Europe,3361,1.2,104.11,826.25,0.073,7.1,2,47.1,0.08,0.35,275483,0.152
CMP-0378,Tech,Large,Europe,3033,3.52,118.98,859.37,0.143,7.3,35,11.1,0.129,0.66,218123,0.332
CMP-0379,Education,Small,Europe,58,1.54,42.2,491.38,0.17,7.4,17,51.3,0.045,0.67,30000,0.033
CMP-0380,Finance,Small,Europe,93,3.41,111.65,738.85,0.133,6.1,-12,25.9,0.084,0.47,306960,0.224
CMP-0381,Tech,Small,North America,109,3.72,112.38,706.48,0.126,8.3,67,25.7,0.103,0.66,200593,0.182
CMP-0382,Retail,Large,Europe,4493,0.76,19.62,393.13,0.245,6.2,9,11.2,0.059,0.35,182593,0.006
CMP-0383,Retail,Small,Middle East & Africa,102,1.48,34.15,388.45,0.25,5.4,28,18.2,0.07,0.38,56783,0.064
CMP-0384,Energy,Small,North America,118,1.71,131.93,732.42,0.17,5.3,57,28.4,0.084,0.3,380800,0.056
CMP-0385,Education,Large,Asia-Pacific,1641,1.81,57.17,414.5,0.185,5.9,12,51.4,0.092,0.58,115689,0.046
CMP-0386,Education,Small,North America,80,2.47,26.56,392.3,0.069,4.7,30,47.0,0.044,0.59,203440,0.04
CMP-0387,Finance,Large,Asia-Pacific,1038,2.68,117.53,1089.26,0.146,6.8,68,38.6,0.084,0.16,287509,0.45
CMP-0388,Tech,Small,North America,52,2.59,164.13,1210.49,0.151,7.1,-1,38.8,0.076,0.64,180014,0.159
CMP-0389,Education,Small,Middle East & Africa,114,1.52,70.91,235.07,0.21,6.5,-5,43.5,0.051,0.62,142674,0.041
CMP-0390,Education,Small,Europe,148,1.44,40.73,486.67,0.159,6.6,-9,65.2,0.025,0.52,107542,0.002
CMP-0391,Government,Large,North America,1397,0.63,17.52,541.01,0.098,9.3,-5,24.9,0.049,0.7,91191,0.058
CMP-0392,Healthcare,Enterprise,North America,23067,1.33,38.55,225.77,0.064,6.3,11,32.4,0.107,0.74,167907,-0.008
CMP-0393,Healthcare,Large,North America,4200,1.53,62.01,433.85,0.171,6.1,9,32.4,0.076,0.63,125361,0.176
CMP-0394,Education,Medium,Europe,324,1.01,29.41,429.5,0.109,7.3,-18,64.5,0.063,0.4,43242,0.117
CMP-0395,Healthcare,Large,North America,3220,1.43,54.97,121.08,0.195,6.6,33,23.2,0.024,0.64,240403,0.006
CMP-0396,Government,Small,Asia-Pacific,115,1.63,60.75,552.85,0.117,3.9,9,46.7,0.042,0.64,102954,-0.047
CMP-0397,Energy,Medium,Europe,673,2.9,78.45,861.26,0.156,7.9,29,27.7,0.052,0.5,162655,0.212
CMP-0398,Healthcare,Enterprise,North America,13461,1.25,117.57,631.39,0.265,6.9,-20,29.7,0.09,0.6,263402,0.124
CMP-0399,Education,Small,Europe,66,1.02,47.49,393.38,0.034,8.5,32,62.2,0.018,0.76,173102,-0.003
CMP-0400,Education,Small,Asia-Pacific,121,1.89,65.02,179.22,0.175,7.8,14,61.3,0.017,0.41,99780,0.051
CMP-0401,Tech,Small,North America,92,2.16,152.38,982.72,0.183,7.7,52,27.5,0.162,0.52,448423,0.183
CMP-0402,Energy,Small,North America,20,1.07,157.88,777.7,0.203,7.9,28,24.1,0.09,0.4,418585,-0.012
CMP-0403,Manufacturing,Small,North America,118,1.62,54.04,668.0,0.217,6.5,24,16.0,0.139,0.68,227503,0.231
CMP-0404,Energy,Medium,Asia-Pacific,180,1.56,82.1,759.0,0.182,6.4,32,33.1,0.05,0.46,436352,0.174
CMP-0405,Healthcare,Medium,Asia-Pacific,784,2.49,43.48,604.23,0.138,5.7,4,28.7,0.054,0.55,230229,0.081
CMP-0406,Energy,Enterprise,Europe,14112,1.04,149.9,650.72,0.157,7.2,25,40.9,0.08,0.3,596249,0.176
CMP-0407,Healthcare,Large,Asia-Pacific,4832,1.8,108.92,610.09,0.248,9.3,11,36.2,0.073,0.72,89607,-0.018
CMP-0408,Tech,Medium,Asia-Pacific,463,2.27,54.64,743.79,0.165,7.1,16,32.7,0.126,0.42,345618,0.245
CMP-0409,Energy,Medium,Europe,428,2.47,152.65,1234.44,0.142,6.9,14,30.0,0.101,0.24,263895,0.27
CMP-0410,Tech,Medium,Latin America,277,3.72,105.47,1063.6,0.157,9.0,43,42.3,0.179,0.69,283946,0.238
CMP-0411,Finance,Medium,North America,410,1.94,269.4,974.02,0.144,6.4,53,35.8,0.065,0.56,184229,0.237
CMP-0412,Government,Medium,North America,895,1.38,94.15,292.09,0.069,5.5,-12,49.7,0.091,0.71,158851,0.044
CMP-0413,Government,Large,North America,4985,1.22,53.34,385.07,0.058,6.7,11,43.2,0.062,0.66,75152,0.042
CMP-0414,Manufacturing,Medium,North America,463,1.77,41.42,433.12,0.194,5.4,3,25.8,0.056,0.48,137325,0.194
CMP-0415,Retail,Medium,Europe,531,3.0,37.78,384.1,0.215,7.2,-17,21.4,0.043,0.49,73603,0.093
CMP-0416,Healthcare,Medium,Latin America,764,1.3,96.56,458.06,0.212,6.9,1,42.5,0.116,0.48,250308,0.19
CMP-0417,Finance,Medium,North America,903,1.63,77.25,1010.59,0.127,8.9,32,20.8,0.046,0.63,268593,0.224
CMP-0418,Healthcare,Enterprise,North America,31687,2.61,65.47,588.49,0.219,7.5,30,37.4,0.072,0.53,95910,0.115
CMP-0419,Retail,Large,Europe,2566,2.87,37.33,245.42,0.202,6.9,19,16.9,0.042,0.53,49592,0.066
CMP-0420,Education,Small,Latin America,73,1.94,37.47,180.77,0.229,6.4,45,42.8,0.047,0.66,64060,0.055
CMP-0421,Education,Enterprise,North America,36303,1.44,35.95,487.45,0.137,6.9,3,67.3,0.068,0.73,88524,-0.019
CMP-0422,Education,Medium,Europe,153,2.48,63.66,282.66,0.171,8.1,24,62.9,0.072,0.46,71417,0.088
CMP-0423,Tech,Enterprise,North America,32881,0.39,114.02,566.14,0.116,7.6,35,26.5,0.067,0.9,450866,0.087
CMP-0424,Manufacturing,Large,North America,2422,2.3,60.01,474.53,0.176,5.5,34,25.0,0.076,0.28,137448,0.005
CMP-0425,Tech,Medium,Middle East & Africa,825,2.81,72.13,783.61,0.209,8.8,41,31.1,0.156,0.68,253775,0.066
CMP-0426,Manufacturing,Small,Middle East & Africa,32,1.6,90.73,325.25,0.197,5.8,11,4.1,0.083,0.56,155801,0.124
CMP-0427,Healthcare,Medium,North America,650,1.35,90.81,481.03,0.154,8.1,38,32.7,0.085,0.65,218538,-0.002
CMP-0428,Energy,Medium,Middle East & Africa,559,2.5,90.06,671.28,0.292,7.1,14,7.9,0.098,0.24,249656,0.133
CMP-0429,Healthcare,Large,Asia-Pacific,3569,2.78,103.2,530.92,0.242,6.2,21,40.9,0.099,0.71,209638,0.078
CMP-0430,Tech,Medium,Latin America,206,3.47,116.32,579.52,0.12,7.9,58,30.2,0.064,0.63,289076,0.195
CMP-0431,Tech,Small,Europe,95,3.63,160.76,701.45,0.109,7.0,54,46.5,0.091,0.59,397342,0.22
CMP-0432,Education,Large,Europe,3246,1.8,38.8,505.69,0.104,6.0,18,36.8,0.046,0.41,128558,0.095
CMP-0433,Retail,Enterprise,Europe,30230,0.47,74.57,256.15,0.357,5.9,10,16.7,0.084,0.35,154720,0.104
CMP-0434,Tech,Medium,Asia-Pacific,663,3.44,212.99,717.76,0.188,7.7,64,31.9,0.088,0.78,240675,0.067
CMP-0435,Tech,Small,North America,107,2.33,144.76,1198.01,0.146,8.9,17,27.6,0.091,0.61,286727,0.235
CMP-0436,Retail,Medium,North America,834,1.33,57.78,314.59,0.197,5.9,6,16.8,0.061,0.53,100546,0.111
CMP-0437,Tech,Small,North America,55,1.75,91.16,1544.99,0.088,6.7,55,11.2,0.093,0.88,156405,0.021
CMP-0438,Energy,Enterprise,Asia-Pacific,42127,1.1,141.44,1147.07,0.134,7.4,48,47.9,0.065,0.12,281307,0.126
CMP-0439,Retail,Small,North America,84,1.44,51.24,454.27,0.395,5.8,34,20.5,0.061,0.65,123251,0.142
CMP-0440,Tech,Medium,Asia-Pacific,216,1.51,99.39,818.37,0.162,8.8,41,17.8,0.125,0.71,124651,0.18
CMP-0441,Tech,Medium,Middle East & Africa,200,1.37,93.41,624.3,0.18,7.9,18,40.8,0.057,0.66,214879,0.151
CMP-0442,Government,Medium,North America,434,1.4,70.43,587.18,0.117,6.7,4,37.0,0.069,0.67,37849,0.05
CMP-0443,Healthcare,Large,Asia-Pacific,4139,2.12,59.59,311.92,0.323,7.3,12,26.4,0.045,0.75,188259,0.067
CMP-0444,Healthcare,Large,Europe,3831,2.21,55.57,853.36,0.315,6.3,4,8.6,0.026,0.41,188111,0.08
CMP-0445,Education,Small,Latin America,122,0.83,58.81,445.69,0.176,5.3,22,25.6,0.068,0.7,63569,0.019
CMP-0446,Government,Small,North America,87,1.02,14.94,447.04,0.109,7.4,-7,28.2,0.03,0.58,62720,0.07
CMP-0447,Government,Small,Asia-Pacific,77,0.92,62.48,346.69,0.069,6.2,22,21.7,0.076,0.6,90680,0.056
CMP-0448,Education,Enterprise,Asia-Pacific,11636,1.29,65.83,389.95,0.156,4.9,-7,53.6,0.071,0.48,90781,0.062
CMP-0449,Healthcare,Enterprise,Middle East & Africa,19769,2.44,19.17,414.59,0.197,7.5,72,37.3,0.028,0.63,272222,0.106
CMP-0450,Tech,Medium,Asia-Pacific,519,1.98,158.32,1015.89,0.089,8.1,59,43.8,0.098,0.58,378181,0.083
CMP-0451,Education,Large,Europe,1355,1.81,34.86,559.98,0.137,8.1,33,27.9,0.078,0.8,125880,0.02
CMP-0452,Manufacturing,Large,Europe,1883,1.31,73.64,339.6,0.282,6.4,-39,26.7,0.08,0.43,174196,0.176
CMP-0453,Healthcare,Small,Latin America,97,2.47,88.49,458.92,0.217,6.8,0,46.9,0.084,0.78,255320,0.059
CMP-0454,Energy,Enterprise,Europe,38105,2.63,76.72,1038.57,0.134,5.9,27,4.0,0.035,0.38,376156,0.13
CMP-0455,Tech,Medium,North America,998,1.38,87.28,947.8,0.169,7.8,62,36.0,0.078,0.59,167770,0.171
CMP-0456,Manufacturing,Medium,Latin America,943,1.96,87.13,630.3,0.162,7.7,11,35.8,0.089,0.52,303257,0.106
CMP-0457,Tech,Medium,Asia-Pacific,696,3.0,171.55,816.75,0.074,9.5,33,33.6,0.135,0.55,199370,0.2
CMP-0458,Manufacturing,Small,Asia-Pacific,74,0.5,62.8,456.76,0.164,4.5,46,24.8,0.133,0.41,138399,0.139
CMP-0459,Tech,Small,North America,102,2.61,72.89,1217.45,0.109,6.3,65,27.0,0.082,0.41,419275,0.077
CMP-0460,Tech,Large,Asia-Pacific,4142,3.0,156.5,1031.86,0.137,6.4,27,33.9,0.076,0.64,334539,0.257
CMP-0461,Tech,Small,Europe,35,1.7,207.87,1041.87,0.14,8.7,84,17.6,0.093,0.33,295412,0.209
CMP-0462,Retail,Large,Asia-Pacific,2640,1.66,41.91,79.98,0.314,7.7,-3,21.1,0.029,0.58,102297,0.03
CMP-0463,Education,Small,North America,129,1.12,56.34,429.72,0.084,6.6,24,29.6,0.086,0.49,71569,0.011
CMP-0464,Retail,Medium,Asia-Pacific,476,2.68,66.06,207.61,0.38,6.2,15,15.6,0.045,0.57,95471,0.133
CMP-0465,Government,Medium,Middle East & Africa,636,0.69,90.72,384.42,0.132,7.2,0,44.5,0.01,0.61,73037,0.002
CMP-0466,Healthcare,Medium,North America,650,1.67,91.57,646.48,0.237,6.1,26,41.5,0.098,0.68,181828,0.046
CMP-0467,Finance,Large,Middle East & Africa,1738,1.83,122.51,891.45,0.176,7.8,30,28.1,0.084,0.41,236714,0.062
CMP-0468,Energy,Medium,Europe,458,1.48,126.56,595.36,0.148,7.2,31,19.2,0.09,0.54,237015,0.094
CMP-0469,Finance,Medium,Latin America,435,3.03,142.66,254.07,0.076,7.0,8,24.3,0.081,0.68,293859,0.317
CMP-0470,Government,Medium,Asia-Pacific,173,1.77,88.69,439.87,0.041,6.9,30,34.1,0.095,0.77,132730,0.073
CMP-0471,Tech,Large,Europe,1097,3.26,20.29,783.23,0.2,7.2,37,21.6,0.154,0.82,209290,0.192
CMP-0472,Government,Enterprise,Asia-Pacific,42426,1.02,72.3,542.06,0.152,6.7,64,23.7,0.026,0.64,49644,-0.005
CMP-0473,Tech,Large,Latin America,2093,1.99,83.11,660.25,0.166,7.4,38,40.9,0.077,0.59,309260,0.025
CMP-0474,Energy,Small,Europe,87,0.47,122.11,858.24,0.263,6.9,37,28.0,0.076,0.6,137600,0.193
CMP-0475,Manufacturing,Small,North America,58,2.47,77.05,667.59,0.142,6.2,15,6.3,0.055,0.31,257544,0.181
CMP-0476,Government,Medium,Asia-Pacific,949,1.33,76.48,377.02,0.168,6.4,13,32.1,0.074,0.64,149057,0.006
CMP-0477,Tech,Medium,Asia-Pacific,371,1.81,147.5,827.86,0.117,8.5,31,30.0,0.142,0.8,405791,0.157
CMP-0478,Manufacturing,Small,Asia-Pacific,75,2.02,46.28,283.96,0.039,8.0,-2,23.0,0.063,0.52,173705,0.029
CMP-0479,Government,Medium,Asia-Pacific,891,1.38,31.33,282.76,0.036,5.0,15,13.4,0.03,0.68,88255,0.1
CMP-0480,Manufacturing,Medium,Europe,865,2.32,48.3,503.57,0.225,5.5,-14,23.9,0.085,0.39,230962,0.067
CMP-0481,Retail,Medium,Asia-Pacific,309,0.91,57.18,366.32,0.174,7.1,-28,14.0,0.055,0.43,94572,0.135
CMP-0482,Retail,Large,North America,4210,1.14,103.82,402.25,0.288,6.6,65,11.0,0.038,0.41,121446,-0.009
CMP-0483,Healthcare,Small,Europe,79,1.81,130.81,547.25,0.2,6.2,37,30.1,0.125,0.83,195405,0.099
CMP-0484,Retail,Small,North America,82,2.22,76.9,223.28,0.233,4.4,18,22.7,0.033,0.46,59373,0.024
CMP-0485,Retail,Large,North America,1534,2.03,40.33,306.61,0.134,6.2,9,12.9,0.056,0.55,83330,0.001
CMP-0486,Energy,Medium,Europe,219,2.98,87.84,728.71,0.211,10.0,-1,34.5,0.056,0.34,277978,0.07
CMP-0487,Tech,Large,Europe,3912,2.9,61.02,1173.64,0.143,8.1,33,28.3,0.109,0.48,251360,0.111
CMP-0488,Finance,Medium,Asia-Pacific,572,1.58,44.51,1321.8,0.119,8.2,53,16.4,0.047,0.84,477583,0.217
CMP-0489,Government,Small,Europe,76,1.3,47.38,460.53,0.091,4.4,-11,35.2,0.037,0.67,67013,0.017
CMP-0490,Energy,Large,Europe,3918,2.53,118.66,807.7,0.204,7.2,49,25.4,0.061,0.24,307101,0.237
CMP-0491,Healthcare,Large,North America,4062,2.71,108.81,212.81,0.296,5.0,37,35.6,0.091,0.41,250270,0.012
CMP-0492,Retail,Large,Europe,1636,1.26,35.04,118.24,0.289,8.2,68,18.7,0.082,0.55,142449,0.046
CMP-0493,Finance,Medium,North America,669,2.34,176.87,746.46,0.155,7.1,48,18.4,0.078,0.75,424765,0.341
CMP-0494,Finance,Medium,North America,265,2.22,166.05,1220.67,0.254,5.4,5,39.8,0.072,0.39,207125,0.17
CMP-0495,Manufacturing,Medium,Europe,788,0.7,122.28,416.63,0.177,6.8,34,31.6,0.122,0.36,179149,0.174
CMP-0496,Healthcare,Small,Asia-Pacific,105,1.48,79.85,591.78,0.275,5.0,33,37.2,0.091,0.68,276474,0.181
CMP-0497,Retail,Enterprise,Europe,48047,2.65,83.87,408.21,0.283,7.0,26,15.8,0.068,0.52,85651,0.112
CMP-0498,Tech,Small,Europe,28,2.85,201.95,443.63,0.112,7.8,62,36.0,0.109,0.48,187444,0.206
CMP-0499,Government,Enterprise,Europe,7568,0.72,49.36,540.65,0.081,8.0,34,17.7,0.041,0.45,82631,0.063
CMP-0500,Government,Medium,Latin America,390,1.03,69.22,186.87,0.152,5.8,12,34.0,0.035,0.56,148711,0.052
